Company_Name,News,Date
CBS News,Conservative groups are challenging corporate efforts to diversify workforce,2023-08-10T20:26:10Z
The Dallas Morning News,Neiman Marcus restructures corporate ranks in second layoff of 2023,2023-08-10T21:03:24Z
Business Wire,"Exicure, Inc. Reports Second Quarter 2023 Financial Results and ...",2023-08-11T20:01:00Z
InterContinental Hotels Group PLC,Interim Results for the year to 30 June 2023 - 2023 - News & Media ...,2023-08-08T06:09:11Z
World Nuclear News,Hydro-Québec mulls Gentilly 2 recommissioning : Corporate,2023-08-11T15:26:56Z
Winston-Salem Journal,HanesBrands confirms 250 corporate job cuts; work sent to offshore ...,2023-08-10T17:15:00Z
CNN,"Viet Dinh, Fox’s top lawyer who oversaw its $787 million Dominion settlement, is stepping down",2023-08-11T21:47:00Z
BBC,Amazon releases some seller funds after complaints,2023-08-12T22:36:44Z
PR Newswire,THE HOWARD HUGHES CORPORATION® AND HOWARD ...,2023-08-11T20:15:00Z
PR Newswire,AcelRx Reports Second Quarter 2023 Financial Results and ...,2023-08-10T20:05:00Z
Womble Bond Dickinson,Womble Adds Corporate Partners to Continue Expansion of ...,2023-08-09T15:28:11Z
CNN,Dow notches longest winning streak since 1987 on Fed news and corporate earnings,2023-07-26T07:00:00Z
KoamNewsNow.com,Pittsburg's Corporate Challenge final day | Kansas News ...,2023-08-10T02:24:00Z
BBC,Republican prosecutors target corporate diversity programmes,2023-07-15T07:00:00Z
Business Wire,Bermuda Considers Introducing a Corporate Income Tax,2023-08-08T15:27:00Z
WCBD News 2,Charleston County Board of Elections relocates to Corporate Road,2023-08-07T15:00:32Z
WJXT News4JAX,"Private equity firms, corporate landlords fueling spike in rental ...",2023-08-09T21:05:32Z
Media Play News,Corporate Fence Straddling on Hollywood Strike Is Entertaining,2023-08-10T16:25:01Z
IPE.com,SNS Reaal pension fund goes 100% green in corporate bond portfolio,2023-08-10T13:58:23Z
CNN,Here’s how Bud Light became the latest corporate bogeyman for Ron DeSantis,2023-07-21T07:00:00Z
Rochelle News Leader,T-Mobile opens first corporate store in Rochelle,2023-08-08T16:29:48Z
Bloomberg Law,How the SEC is Transforming Corporate Cybersecurity Oversight,2023-08-10T08:00:59Z
POLITICO,The corporate gig Katie Porter erased from her resume - POLITICO,2023-07-17T07:00:00Z
WRTV Indianapolis,Report: Corporate investors contributing to housing crisis in Indiana,2023-08-10T02:43:22Z
Business Wire,Embassy REIT Welcomes JPMorgan Chase to Its 1.1 msf Built-to ...,2023-08-10T14:54:00Z
Scottish Legal News,Tom Stocker: Ambit of corporate fraud set to increase,2023-08-11T10:09:37Z
The Associated Press,"Biden's White House is taking on corporate mergers, landlord junk ...",2023-07-19T07:00:00Z
EdSurge,Higher Ed Should Pay Attention to the Corporate World’s Growing ...,2023-08-10T10:19:34Z
afrl.af.mil,AFRL's new joint-use Secure Corporate Facility increases ...,2023-08-08T13:33:17Z
Bloomberg,Billions in Corporate Debt: Wave of Bankruptcies Threatens Global ...,2023-07-19T07:00:00Z
Gulf News,UAE's great holiday home rush is only getting started,2023-08-12T06:23:28Z
Food Business News,"The Coca-Cola Co. elects new director, corporate officer",2023-07-20T07:00:00Z
U.S. Steel,U. S. Steel Aims to Improve Operational Efficiencies and Employee ...,2023-08-10T13:53:37Z
Textron Inc - Investors,Textron Inc - Textron Releases 2022 Corporate Responsibility Report,2023-08-10T20:11:16Z
Arab News,"Hyundai reveals all-new, multi-talented Kona SUV",2023-08-12T17:37:05Z
World Nuclear News,Bruce 6 restarted following refurbishment : Corporate,2023-08-09T15:11:05Z
Oregon Public Broadcasting,The failed Ohio amendment reflects Republican efforts nationally to restrict direct democracy,2023-08-12T15:29:06Z
Business Post,"Corporate tax plans will scare off global investors, US firms warn",2023-08-13T00:02:58Z
ABC15 Arizona in Phoenix,"Axon files plans for huge corporate HQ site, and more, in north ...",2023-08-11T16:02:00Z
Gulf News,O! Millionaire hits Dh81.5 million grand prize,2023-08-10T08:50:13Z
PR Newswire,Milestone Pharmaceuticals Reports Second Quarter 2023 Financial ...,2023-08-10T11:35:00Z
CNN,Amazon warns employees who don’t go to the office enough,2023-08-11T21:05:00Z
PR Newswire,Pulmatrix Announces Second Quarter 2023 Financial Results and ...,2023-08-10T13:05:00Z
Arab News,Investment in tourism driving KSA's hospitality sector: report,2023-08-12T17:35:55Z
Business Wire,Aiberry Introduces AI-Powered Mental Health Assessments for ...,2023-08-08T17:00:00Z
The Business Journals,Women on track to achieve parity in gender representation among ...,2023-08-11T14:15:00Z
ABC News,Amazon is asking some corporate workers to relocate as part of its return-to-office policy,2023-07-21T07:00:00Z
Gulf News,Celebrating Karnataka's culture and contributions on the global stage,2023-08-11T11:09:54Z
Gulf News,Palm Jumeirah’s most luxurious $137-m penthouse for sale,2023-08-10T09:15:10Z
Seeking Alpha,"ChatGPT use rises amongst Corporate America, Reuters survey finds",2023-08-11T15:03:37Z
PitchBook News & Analysis,Corporate buyers lured by infosec discounts are on the scent for more,2023-08-11T18:49:31Z
Dayton Daily News,Sneakerheads rejoice: Fire Blocks to get 'Corporate' sneaker ...,2023-07-18T07:00:00Z
MyChesCo,"Onconova Therapeutics Reports Corporate Update, Announces ...",2023-08-12T16:00:06Z
PR Newswire,Envista Holdings Corporation Announces Proposed Convertible ...,2023-08-07T11:15:00Z
Gulf News,Tesla names Vaibhav Taneja CFO as Kirkhorn steps down,2023-08-07T14:23:41Z
Gulf News,The university that pays up to half of your fees,2023-08-11T11:17:18Z
IG,The Week Ahead looks at the latest economic and corporate news,2023-08-04T15:30:00Z
Gulf News,House of Colour brings Premier British Paints to the UAE,2023-08-10T08:23:46Z
Gulf News,Discover boundless opportunities with Anuvi Business Solutions,2023-08-10T07:26:22Z
Gulf News,Save big on ASUS laptops for the new school year,2023-08-07T08:09:08Z
Microsoft,Furthering our AI ambitions – Announcing Bing Chat Enterprise and ...,2023-07-18T07:00:00Z
Clyde & Co,Clyde & Co Chile strengthens its corporate & advisory practice,2023-08-09T14:37:30Z
Northern News,ONU's new Center for Corporate Engagement launches ...,2023-08-03T07:00:00Z
Financial Times,EY hires corporate crisis adviser to examine failed break-up plan,2023-07-22T07:00:00Z
Arab News,New corporate network for women 'Noora' launched in UAE,2023-08-06T17:17:48Z
The Business Journals,Bell Bank new corporate headquarters to open in May 2024,2023-08-11T16:25:00Z
InsideEVs,Jaguar I-Pace Battery Class Action Lawsuit: LG Chem Batteries Again?,2023-08-11T21:21:00Z
Gulf News,Life opens 400th milestone pharmacy outlet,2023-08-10T10:34:48Z
Moneycontrol,"Corporate loans a taboo, bad assets building up, alerts this ace banking analyst",2023-08-11T02:49:30Z
Gulf News,826 Emirati jobseekers benefit from DAWAMEE Programme,2023-08-10T15:17:44Z
Gulf News,Quick Digitals offers unbeatable SEO services,2023-08-08T03:00:09Z
Business Today,"Google's director of news laid off after 13 years, plans to return to India",2023-07-23T07:00:00Z
Baker Botts,"Baker Botts Names Department Chairs for Corporate, IP and ...",2023-08-11T14:11:43Z
Marketscreener.com,Dpa-AFX Overview: CORPORATE NEWS as of 10.08.2023 - 15.15 hrs.,2023-08-10T13:21:06Z
Denso,DENSO's Tony Cannestra Named to Global Corporate Venturing ...,2023-07-31T18:38:49Z
The Bakersfield Californian,Decibel Therapeutics Reports Second Quarter 2023 Financial ...,2023-08-11T11:45:56Z
The Bakersfield Californian,Rani Therapeutics Reports Second Quarter 2023 Financial Results ...,2023-08-11T20:06:14Z
Business Wire,Caesars Entertainment Releases 14th Annual Corporate Social ...,2023-08-11T14:00:00Z
Kentucky Today,Entera Bio Announces Q2 2023 Financial Results and Corporate ...,2023-08-11T20:06:05Z
PitchBook News & Analysis,"Global corporate M&A news for Aug. 11, 2023",2023-08-11T07:57:23Z
Business Wire,UroGen Pharma Reports Record JELMYTO Quarterly Sales and ...,2023-08-10T12:00:00Z
Business Wire,Equillium Reports Second Quarter 2023 Financial Results and ...,2023-08-09T20:01:00Z
Business Wire,"United States Corporate Bankruptcy Yearbook, Almanac & Directory ...",2023-08-11T14:24:00Z
PR Newswire,NeuroBo Pharmaceuticals Reports Second Quarter 2023 Financial ...,2023-08-09T20:05:00Z
Business Wire,Vistagen To Report First Quarter Financial Results and Host ...,2023-08-08T20:30:00Z
Business Wire,Viridian Therapeutics Reports Second Quarter 2023 Financial ...,2023-08-08T20:01:00Z
PR Newswire,WEC Energy Group's Corporate Responsibility Report highlights ...,2023-08-09T14:00:00Z
Business Wire,Syros Reports Second Quarter 2023 Financial Results and Provides ...,2023-08-08T11:30:00Z
Bloomberg Tax,IRS Notice: Corporate Bond Yield Curve for August 2023 (IRC §417),2023-08-11T18:33:49Z
PR Newswire,Aethlon Medical Announces Fiscal First Quarter Financial Results ...,2023-08-10T20:15:00Z
EIN News,TELF AG Explores the Crucial Role of Corporate Finance in Recent Publication,2023-08-13T02:09:00Z
ZAWYA,Bank Nizwa launches first eco-friendly corporate debit card with smart features,2023-08-12T20:56:09Z
Business Wire,Bloomreach Earns a 2023 Tech Cares Award From TrustRadius in ...,2023-08-09T12:30:00Z
Business Wire,Astria Therapeutics Reports Second Quarter Financial Results and ...,2023-08-07T20:10:00Z
Government of Saskatchewan,Lotteries and Gaming Saskatchewan Appoints New President and ...,2023-08-11T17:01:08Z
PR Newswire,TEAMSTERS CALL ON FEDERAL GOVERNMENT TO REFORM ...,2023-08-08T17:29:00Z
Hellenic Shipping News Worldwide,Corporate governance in shipping: Who's been naughty or nice?,2023-08-07T21:23:37Z
DuPont,DuPont Reports Second Quarter 2023 Results,2023-08-02T09:41:41Z
Holland & Knight,"Holland & Knight Advises Lead Arrangers, and Natixis Corporate ...",2023-08-03T17:55:39Z
